<users><user_id user_id="iqjbCmcUwK"><user_account user_name="123" user_keyword="456"><task_id task_id="id1"><task name="name1" description="description1" kind="默认" start_date="2022-09-01 12:10:00" end_date="2022-09-02 23:45:00" spend="1440" rest="0" is_repeat="True" repeat_day="0" final_date="2022-09-15 00:00:00" isLeisure="True" importance="10" task_state="0" finish_state="2022-07-01 00:00:00" /></task_id><task_id task_id="id2"><task name="name2" description="description2" kind="Study" start_date="2022-09-01 18:00:00" end_date="2022-09-01 22:30:00" spend="60" rest="0" is_repeat="True" repeat_day="0" final_date="2022-09-15 00:00:00" isLeisure="True" importance="10" task_state="2" finish_state="2022-07-01 00:00:00" /></task_id><task_id task_id="id3"><task name="name3" description="description3" kind="Work" start_date="2022-09-01 18:00:00" end_date="2022-09-01 22:30:00" spend="60" rest="0" is_repeat="True" repeat_day="0" final_date="2022-09-15 00:00:00" isLeisure="True" importance="10" task_state="0" finish_state="2022-07-01 00:00:00" /></task_id><task_id task_id="id4"><task name="name4" description="description4" kind="Rest" start_date="2022-09-02 18:00:00" end_date="2022-09-03 22:30:00" spend="60" rest="0" is_repeat="True" repeat_day="0" final_date="2022-09-15 00:00:00" isLeisure="True" importance="10" task_state="0" finish_state="2022-07-01 00:00:00" /></task_id><task_id task_id="id5"><task name="name5" description="description5" kind="默认" start_date="2022-09-01 12:10:00" end_date="2022-09-02 23:45:00" spend="1440" rest="0" is_repeat="True" repeat_day="0" final_date="2022-09-15 00:00:00" isLeisure="True" importance="10" task_state="0" finish_state="2022-07-01 00:00:00" /></task_id><task_id task_id="id7"><task name="name7" description="description7" kind="Work" start_date="2022-09-01 18:00:00" end_date="2022-09-01 22:30:00" spend="60" rest="0" is_repeat="True" repeat_day="0" final_date="2022-09-15 00:00:00" isLeisure="True" importance="10" task_state="0" finish_state="2022-07-01 00:00:00" /></task_id><task_id task_id="id8"><task name="name8" description="description8" kind="Rest" start_date="2022-08-02 18:00:00" end_date="2022-08-03 22:30:00" spend="60" rest="0" is_repeat="True" repeat_day="0" final_date="2022-09-15 00:00:00" isLeisure="True" importance="10" task_state="3" finish_state="2022-07-01 00:00:00" /></task_id><task_id task_id="id9"><task name="name9" description="description9" kind="Sport" start_date="2022-08-01 12:10:00" end_date="2022-08-02 23:45:00" spend="1440" rest="0" is_repeat="True" repeat_day="0" final_date="2022-09-15 00:00:00" isLeisure="True" importance="10" task_state="3" finish_state="2022-08-01 00:00:00" /></task_id><task_id task_id="id10"><task name="name10" description="description10" kind="Study" start_date="2022-08-01 18:00:00" end_date="2022-08-01 22:30:00" spend="60" rest="0" is_repeat="True" repeat_day="0" final_date="2022-09-15 00:00:00" isLeisure="True" importance="10" task_state="3" finish_state="2022-08-01 00:00:00" /></task_id><task_id task_id="id11"><task name="name11" description="description11" kind="Work" start_date="2022-08-01 18:00:00" end_date="2022-08-01 22:30:00" spend="60" rest="0" is_repeat="True" repeat_day="0" final_date="2022-09-15 00:00:00" isLeisure="True" importance="10" task_state="3" finish_state="2022-08-01 00:00:00" /></task_id><task_id task_id="id12"><task name="name12" description="description12" kind="Rest" start_date="2022-08-02 18:00:00" end_date="2022-08-03 22:30:00" spend="60" rest="0" is_repeat="True" repeat_day="0" final_date="2022-09-15 00:00:00" isLeisure="True" importance="10" task_state="3" finish_state="2022-08-01 00:00:00" /></task_id><task_id task_id="id6"><task name="name6" description="description6" kind="Sport" start_date="2022-09-01 18:00:00" end_date="2022-09-01 22:30:00" spend="60" rest="0" is_repeat="True" repeat_day="12" final_date="2022-09-15 23:59:00" isLeisure="False" importance="10" task_state="0" finish_state="2022-08-15 19:52:10.290508" /></task_id></user_account></user_id><user_id user_id="74UpIipDhC"><user_account user_name="FEF" user_keyword="1" /></user_id><user_id user_id="09CqOMaZv3"><user_account user_name="1" user_keyword="1" /></user_id><user_id user_id="d8lxZMUcQg"><user_account user_name="user" user_keyword="key" /></user_id><user_id user_id="WCxuhDHf18"><user_account user_name="u1" user_keyword="k1" /></user_id></users>